Attribute Name,AVP Code,Section defined,Value Type,MUST,MAY,SHOULD NOT,MUST NOT
@vendor,8164,,,,,,
#=,,,,,,,
# Cisco ASR 5000 Series AAA Interface,,,,,,,
# Administration and Reference,,,,,,,
# Release 8.x and 9.0,,,,,,,
"# Last Updated June 30, 2010",,,,,,,
# updated using v15 docs from Jan 2014,,,,,,,
# www.cisco.com/c/dam/en/us/td/docs/wireless/asr_5000/15-0/15-0-AAA-Reference.pdf,,,,,,,
#=,,,,,,,
#,,,,,,,
SN-Volume-Quota-Threshold,501,,Unsigned32,"M,V",,,
SN-Unit-Quota-Threshold,502,,Unsigned32,"M,V",,,
SN-Time-Quota-Threshold,503,,Unsigned32,"M,V",,,
SN-Total-Used-Service-Unit,504,,Grouped,V,,,
SN-Absolute-Validity-Time,505,,Time,V,,,
SN-Bandwidth-Control,512,,Enumerated,"M,V",,,
SN-Transparent-Data,513,,OctetString,V,,,
SN-Traffic-Policy,514,,UTF8String,V,,,
SN-Firewall-Policy,515,,UTF8String,V,,,
SN-Usage-Monitoring-Control,517,,Grouped,V,,,
SN-Monitoring-Key,518,,Unsigned32,V,,,
SN-Usage-Volume,519,,Unsigned64,V,,,
SN-Service-Flow-Detection,520,,Enumerated,V,,,
SN-Usage-Monitoring,521,,Enumerated,V,,,
SN-Session-Start-Indicator,522,,OctetString,"M,V",,,
SN-Phase0-PSAPName,523,,UTF8String,V,,,
SN-Charging-Id,525,,OctetString,V,,,
SN-Remaining-Service-Unit,526,,Grouped,V,,,
SN-Service-Start-Timestamp,527,,Time,V,,,
SN-Rulebase-Id,528,,UTF8String,"M,V",,,
SN-CF-Policy-ID,529,,Unsigned32,"M,V",,,
SN-Charging-Collection-Function-Name,530,,UTF8String,V,,,
SN-Fast-Reauth-Username,11010,,OctetString,"M,V",,,
SN-Pseudonym-Username,11011,,OctetString,"M,V",,,
